AV2099|Wireless Noise-Cancelling Headphones|129.99|Audio Video
GM2244|VR Motion Controller|59.99|Games
PW1102|USB-C Multiport Adapter|34.95|Electronics
AV3100|Portable Bluetooth Soundbar|99.95|Audio Video
GM1945|LED Gaming Mouse Pad|19.99|Games
PW1205|Smart Home Hub|79.99|Electronics
AV4011|HDMI Streaming Stick|44.99|Audio Video
GM2030|Next-Gen Game Controller|69.95|Games
PW3300|Wireless Charging Stand|29.99|Electronics
AV4402|High-Fidelity Turntable|219.99|Audio Video
GM1189|8-Bit Retro Console|39.99|Games
PW2233|Bluetooth Smart Scale|49.95|Electronics